{
  "frames": [
    {
      "code": "crit",
      "name": "Критерии",
      "slots":[
        {
          "code":"C", "name":"Стоимость"
        },
        {
          "code":"R", "name":"Затраты на ремонт"
        },
        {
          "code":"D", "name":"Долговечность"
        }
      ]
    },
    {
      "code": "alt",
      "name": "Альтернативы",
      "slots":[
        {"code":"A", "name":"Американский автомобиль"},
        {"code":"E", "name":"Европейский автомобить"},
        {"code":"J", "name":"Японский автомобить"}
      ]
    }
  ],
  "edges": [
    {
      "from": "alt", "to":"crit",
      "influence": {
        "C": {"A":{"E":5,"J":3},"E":{},"J":{"E":3}},
        "R": {"A":{"E":5,"J":2},"E":{},"J":{"E":3}},
        "D": {"A":{"E":0.2},"E":{"J":3},"J":{"A":3}}
      }
    },
    {
      "from": "crit", "to":"alt",
      "influence": {
        "A": {"C":{"R":3,"D":4},"R":{"D":1},"D":{}},
        "E": {"C":{"R":1,"D":0.5},"R":{"D":0.5},"D":{}},
        "J": {"C":{"R":2,"D":1},"R":{"D":0.5},"D":{}}
      }
    },
    {
      "from": "alt", "to":"alt",
      "influence": {
        "A": {"A":1},
        "E": {"E":1},
        "J": {"J":1}
      }
    },
    {
      "from": "crit", "to":"crit",
      "influence": {
        "C": {"C":1},
        "R": {"R":1},
        "D": {"D":1}
      }
    }
  ]
}
