{
  "is_trace": 1,
  "frames": [
    {
      "code": "1.",
      "name": "Боеготовность (по видам вооружённых сил, родам войск и спецвойск)",
      "slots":[
        {
          "code":"1.1.", "name":"Сухопутные войска"
        },
        {
          "code":"1.2.", "name":"Воздушно-космические силы"
        },
        {
          "code":"1.3.", "name":"Военно-морской флот"
        },
        {
          "code":"1.4.", "name":"Отдельные рода войск"
        },
        {
          "code":"1.5.", "name":"Специальные войска"
        }
      ]
    },
    {
      "code": "2.",
      "name": "Боеготовность по округам",
      "slots":[
        {"code":"2.1.", "name":"Западный"},
        {"code":"2.2.", "name":"Южный"},
        {"code":"2.3.", "name":"Центральный"},
        {"code":"2.4.", "name":"Восточный"},
        {"code":"2.5.", "name":"Объединённое стратегическое командование «Север»"}
      ]
    },
    {
      "code": "3.",
      "name": "Вооружение и военная техника",
      "slots":[
        {"code":"3.1.", "name":"Ядерное оружие"},
        {"code":"3.2.", "name":"Прочее вооружение"}
      ]
    },
    {
      "code": "4.",
      "name": "Ресурсное обеспечение безопасности",
      "slots":[
        {"code":"4.1.", "name":"Финансовые ресурсы"},
        {"code":"4.2.", "name":"Кадровые ресурсы"}
      ]
    },
    {
      "code": "5.",
      "name": "Политическая обстановка",
      "slots":[
        {"code":"5.1.", "name":"Вероятность возникновения вооруженных конфликтов и войн"},
        {"code":"5.2.", "name":"Последствия вооружённого столкновения"},
        {"code":"5.3.", "name":"Политическая стабильность"},
        {"code":"5.4.", "name":"Инвестиционные риски"},
        {"code":"5.5.", "name":"Экономическая стабильность"}
      ]
    },
    {
      "code": "6.",
      "name": "Состояние оборонно-промышленного комплекса",
      "slots":[
        {"code":"6.1.", "name":"Научно-техническая сфера"},
        {"code":"6.2.", "name":"Производственная сфера"}
      ]
    }
  ],
  "edges": [
    {
      "from": "3.", "to":"1.",
      "influence": {
        "1.1.": {"3.1.":{},"3.2.":{"3.1.":3}},
        "1.2.": {"3.1.":{"3.2.":3},"3.2.":{}},
        "1.3.": {"3.1.":{"3.2.":1},"3.2.":{}},
        "1.4.": {"3.1.":{"3.2.":9},"3.2.":{}},
        "1.5.": {"3.1.":{"3.2.":1},"3.2.":{}}
      }
    },
    {
      "from": "3.", "to":"2.",
      "influence": {
        "2.1.": {"3.1.":{},"3.2.":{"3.1.":1}},
        "2.2.": {"3.1.":{},"3.2.":{"3.1.":2}},
        "2.3.": {"3.1.":{"3.2.":1},"3.2.":{}},
        "2.4.": {"3.1.":{"3.2.":5},"3.2.":{}},
        "2.5.": {"3.1.":{"3.2.":9},"3.2.":{}}
      }
    },
    {
      "from": "4.", "to":"1.",
      "influence": {
        "1.1.": {"4.1.":1,"4.2.":1},
        "1.2.": {"4.1.":1,"4.2.":1},
        "1.3.": {"4.1.":1,"4.2.":1},
        "1.4.": {"4.1.":1,"4.2.":1},
        "1.5.": {"4.1.":1,"4.2.":1}
      }
    },
    {
      "from": "4.", "to":"2.",
      "influence": {
        "2.1.": {"4.1.":1,"4.2.":1},
        "2.2.": {"4.1.":1,"4.2.":1},
        "2.3.": {"4.1.":1,"4.2.":1},
        "2.4.": {"4.1.":1,"4.2.":1},
        "2.5.": {"4.1.":1,"4.2.":1}
      }
    },
    {
      "from": "4.", "to":"6.",
      "influence": {
        "6.1.": {"4.1.":1,"4.2.":1},
        "6.2.": {"4.1.":1,"4.2.":2}
      }
    },
    {
      "from": "6.", "to":"3.",
      "influence": {
        "3.1.": {"6.1.":2,"6.2.":1},
        "3.2.": {"6.1.":1,"6.2.":1}
      }
    },
    {
      "from": "1.", "to":"5.",
      "influence": {
        "5.1.": {"1.1.":1,"1.2.":1,"1.3.":1,"1.4.":1,"1.5.":1},
        "5.2.": {"1.1.":1,"1.2.":1,"1.3.":1,"1.4.":1,"1.5.":1},
        "5.3.": {"1.1.":1,"1.2.":1,"1.3.":1,"1.4.":1,"1.5.":1},
        "5.4.": {"1.1.":1,"1.2.":1,"1.3.":1,"1.4.":1,"1.5.":1},
        "5.5.": {"1.1.":1,"1.2.":1,"1.3.":1,"1.4.":1,"1.5.":1}
      }
    },
    {
      "from": "2.", "to":"5.",
      "influence": {
        "5.1.": {"2.1.":1,"2.2.":1,"2.3.":1,"2.4.":1,"2.5.":1},
        "5.2.": {"2.1.":1,"2.2.":1,"2.3.":1,"2.4.":1,"2.5.":1},
        "5.3.": {"2.1.":1,"2.2.":1,"2.3.":1,"2.4.":1,"2.5.":1},
        "5.4.": {"2.1.":1,"2.2.":1,"2.3.":1,"2.4.":1,"2.5.":1},
        "5.5.": {"2.1.":1,"2.2.":1,"2.3.":1,"2.4.":1,"2.5.":1}
      }
    },
    {
      "from": "5.", "to":"6.",
      "influence": {
        "6.1.": {"5.1.":{"5.2.":1,"5.3.":0.3,"5.4.":0.1,"5.5.":0.2},
                 "5.2.":{"5.3.":0.6,"5.4.":0.2,"5.5.":0.3},
                 "5.3.":{"5.4.":0.2,"5.5.":0.3},
                 "5.4.":{"5.5.":0.7},
                 "5.5.":{}},
        "6.2.": {"5.1.":{"5.2.":1,"5.3.":0.3,"5.4.":0.1,"5.5.":0.9},
                 "5.2.":{"5.3.":0.6,"5.4.":0.2,"5.5.":0.3},
                 "5.3.":{"5.4.":0.2,"5.5.":0.3},
                 "5.4.":{"5.5.":1},
                 "5.5.":{}}
      }
    }
  ]
}
