{
  "is_trace": 1,
  "frames": [
    {
      "code": "goal",
      "name": "Цели",
      "slots":[
        {"code":"П", "name":"Прибыль"},
        {"code":"Д", "name":"Рыночная доля"},
        {"code":"Р", "name":"Риск"}
      ]
    },
    {
      "code": "market",
      "name": "Рынок",
      "slots":[
        {"code":"О", "name":"Объем продаж"},
        {"code":"Н", "name":"Новизна рынка"}
      ]
    },
    {
      "code": "product",
      "name": "Товар",
      "slots":[
        {"code":"К", "name":"Качество"},
        {"code":"Ц", "name":"Цена"},
        {"code":"С", "name":"Себестоимость"}
      ]
    }
  ],
  "edges": [
    {
      "from": "market", "to":"goal",
      "influence": {
        "П": {"О":{"Н":5},"Н":{}},
        "Д": {"О":{"Н":1},"Н":{}},
        "Р": {"О":{},"Н":{"О":7}}
      }
    },
    {
      "from": "product", "to":"goal",
      "influence": {
        "П": {"Ц":{"К":5,"С":1},"С":{"К":2},"К":{}},
        "Д": {"Ц":{"С":4,"К":2},"К":{"С":2},"С":{}},
        "Р": {"Ц":{"С":1,"К":0.5},"С":{"К":2},"К":{}}
      }
    },
    {
      "from": "market", "to":"market",
      "influence": {
        "О": {"Н":0.1}
      }
    },
    {
      "from": "product", "to":"product",
      "influence": {
        "С": {"К":2},
        "Ц": {"С":1}
      }
    }
  ]
}
